position,tradition,genre,selection,youtube_search_url
1,Jewish,Hebrew liturgical / a cappella,The Maccabeats — Hinei Ma Tov,https://www.youtube.com/results?search_query=The+Maccabeats+Hinei+Ma+Tov
2,Jewish,Hasidic / dance,Yaakov Shwekey — וזכנו / Vezakeni,https://www.youtube.com/results?search_query=Yaakov+Shwekey+Vezakeni
3,Jewish,Sephardic / piyut,Adon Haselichot — traditional,https://www.youtube.com/results?search_query=Adon+Haselichot+traditional
4,Jewish,Klezmer / devotional,"The Klezmatics — Shnirele, Perele",https://www.youtube.com/results?search_query=Klezmatics+Shnirele+Perele
5,Christian,Hymn,Amazing Grace — traditional,https://www.youtube.com/results?search_query=Amazing+Grace+traditional+hymn
6,Christian,Gospel,Edwin Hawkins Singers — Oh Happy Day,https://www.youtube.com/results?search_query=Edwin+Hawkins+Singers+Oh+Happy+Day
7,Christian,Soul / gospel,Mahalia Jackson — How I Got Over,https://www.youtube.com/results?search_query=Mahalia+Jackson+How+I+Got+Over
8,Christian,Contemporary worship,Chris Tomlin — How Great Is Our God,https://www.youtube.com/results?search_query=Chris+Tomlin+How+Great+Is+Our+God
9,Christian,Country gospel,Dolly Parton — He's Alive,https://www.youtube.com/results?search_query=Dolly+Parton+Hes+Alive
10,Christian,Bluegrass gospel,The Petersens — Amazing Grace,https://www.youtube.com/results?search_query=The+Petersens+Amazing+Grace
11,Christian,Rock worship,Jars of Clay — God Will Lift Up Your Head,https://www.youtube.com/results?search_query=Jars+of+Clay+God+Will+Lift+Up+Your+Head
12,Christian,Hip-hop gospel,Lecrae — I Am,https://www.youtube.com/results?search_query=Lecrae+I+Am
13,Christian,R&B gospel,Kirk Franklin — Imagine Me,https://www.youtube.com/results?search_query=Kirk+Franklin+Imagine+Me
14,Christian,Reggae gospel,Christafari — Hosanna,https://www.youtube.com/results?search_query=Christafari+Hosanna
15,Christian,Classical / choral,Handel — Hallelujah Chorus,https://www.youtube.com/results?search_query=Handel+Hallelujah+Chorus
16,Christian,Sacred classical,"Bach — Jesu, Joy of Man's Desiring",https://www.youtube.com/results?search_query=Bach+Jesu+Joy+of+Mans+Desiring
17,Christian,Folk spiritual,Wade in the Water — traditional,https://www.youtube.com/results?search_query=Wade+in+the+Water+spiritual
18,Islamic,Nasheed / pop,Maher Zain — Insha Allah,https://www.youtube.com/results?search_query=Maher+Zain+Insha+Allah
19,Islamic,Nasheed / world,Sami Yusuf — Hasbi Rabbi,https://www.youtube.com/results?search_query=Sami+Yusuf+Hasbi+Rabbi
20,Islamic,Qawwali / Sufi,Nusrat Fateh Ali Khan — Allah Hoo,https://www.youtube.com/results?search_query=Nusrat+Fateh+Ali+Khan+Allah+Hoo
21,Islamic,Qawwali,Sabri Brothers — Bhar Do Jholi Meri,https://www.youtube.com/results?search_query=Sabri+Brothers+Bhar+Do+Jholi+Meri
22,Islamic,Qur'anic recitation,Mishary Rashid Alafasy — Surah Ar-Rahman,https://www.youtube.com/results?search_query=Mishary+Rashid+Alafasy+Surah+Ar+Rahman
23,Islamic,Devotional folk,Tala'al Badru Alayna — traditional,https://www.youtube.com/results?search_query=Tala+al+Badru+Alayna+traditional
24,Islamic,World / devotional,Yusuf Islam — A Is for Allah,https://www.youtube.com/results?search_query=Yusuf+Islam+A+Is+for+Allah
25,Baháʼí,Devotional / acoustic,The Remover of Difficulties — devotional,https://www.youtube.com/results?search_query=Baha%27i+The+Remover+of+Difficulties+song
26,Baháʼí,Choral / devotional,O Thou Kind Lord — devotional,https://www.youtube.com/results?search_query=Baha%27i+O+Thou+Kind+Lord+song
27,Rastafari / Christian,Reggae / scripture,Bob Marley & The Wailers — Give Thanks and Praises,https://www.youtube.com/results?search_query=Bob+Marley+Give+Thanks+and+Praises
28,Rastafari / Christian,Reggae / scripture,Bob Marley & The Wailers — One Love / People Get Ready,https://www.youtube.com/results?search_query=Bob+Marley+One+Love+People+Get+Ready
29,Christian,Electronic worship,Hillsong UNITED — Oceans,https://www.youtube.com/results?search_query=Hillsong+United+Oceans
30,Christian,Pop worship,Lauren Daigle — You Say,https://www.youtube.com/results?search_query=Lauren+Daigle+You+Say
