scenario,replicate,method,cells,defects,edges,ap,auroc,precision_at_5pct,recall_at_5pct,budget,recall_wrong_operator,recall_wrong_reference,recall_hardcode,recall_numeric_scale
semantic,0,column_mode,1080,24,1247,0.5455555555555556,0.8716856060606061,0.3333333333333333,0.75,54,1.0,1.0,1.0,0.0
semantic,0,global_gmm,1080,24,1247,0.28911860398628014,0.964291351010101,0.35185185185185186,0.7916666666666666,54,0.6666666666666666,1.0,1.0,0.5
semantic,0,isolation_forest,1080,24,1247,0.12282697118808565,0.909051452020202,0.16666666666666666,0.375,54,0.3333333333333333,0.5,0.5,0.16666666666666666
semantic,0,structure_gmm,1080,24,1247,0.43584081759959625,0.8403566919191918,0.2222222222222222,0.5,54,1.0,1.0,0.0,0.0
semantic,0,format_gmm,1080,24,1247,0.7228184902666771,0.9185606060606061,0.3333333333333333,0.75,54,1.0,1.0,1.0,0.0
semantic,1,column_mode,1080,24,1247,0.6484126984126983,0.8735795454545455,0.3333333333333333,0.75,54,1.0,1.0,1.0,0.0
semantic,1,global_gmm,1080,24,1247,0.3180313894801294,0.973208648989899,0.3333333333333333,0.75,54,0.8333333333333334,1.0,1.0,0.16666666666666666
semantic,1,isolation_forest,1080,24,1247,0.1451856884627324,0.9333964646464646,0.2222222222222222,0.5,54,0.5,0.5,1.0,0.0
semantic,1,structure_gmm,1080,24,1247,0.5087695813539619,0.8688446969696969,0.2222222222222222,0.5,54,1.0,1.0,0.0,0.0
semantic,1,format_gmm,1080,24,1247,0.749501784517844,0.9328637941919192,0.3333333333333333,0.75,54,1.0,1.0,1.0,0.0
semantic,2,column_mode,1080,24,1247,0.6191919191919192,0.8731060606060607,0.3333333333333333,0.75,54,1.0,1.0,1.0,0.0
semantic,2,global_gmm,1080,24,1247,0.3121304700301402,0.9758128156565657,0.35185185185185186,0.7916666666666666,54,1.0,1.0,1.0,0.16666666666666666
semantic,2,isolation_forest,1080,24,1247,0.1693287858427709,0.9259390782828283,0.2777777777777778,0.625,54,0.8333333333333334,0.6666666666666666,1.0,0.0
semantic,2,structure_gmm,1080,24,1247,0.5081499966508684,0.8393702651515151,0.2222222222222222,0.5,54,1.0,1.0,0.0,0.0
semantic,2,format_gmm,1080,24,1247,0.7646689014748579,0.9184422348484849,0.3333333333333333,0.75,54,1.0,1.0,1.0,0.0
semantic,3,column_mode,1080,24,1247,0.5680555555555555,0.8721590909090908,0.3333333333333333,0.75,54,1.0,1.0,1.0,0.0
semantic,3,global_gmm,1080,24,1247,0.33690355421213874,0.9784958964646465,0.35185185185185186,0.7916666666666666,54,1.0,1.0,1.0,0.16666666666666666
semantic,3,isolation_forest,1080,24,1247,0.16789215513953135,0.9342250631313131,0.25925925925925924,0.5833333333333334,54,0.8333333333333334,0.5,1.0,0.0
semantic,3,structure_gmm,1080,24,1247,0.5300425199413115,0.8547979797979798,0.2222222222222222,0.5,54,1.0,1.0,0.0,0.0
semantic,3,format_gmm,1080,24,1247,0.765891576545085,0.9251104797979799,0.3333333333333333,0.75,54,1.0,1.0,1.0,0.0
semantic,4,column_mode,1080,24,1247,0.6191919191919192,0.8731060606060607,0.3333333333333333,0.75,54,1.0,1.0,1.0,0.0
semantic,4,global_gmm,1080,24,1247,0.3332253379637592,0.9786537247474747,0.35185185185185186,0.7916666666666666,54,1.0,1.0,1.0,0.16666666666666666
semantic,4,isolation_forest,1080,24,1247,0.13215846208047846,0.9031723484848485,0.2037037037037037,0.4583333333333333,54,0.8333333333333334,0.16666666666666666,0.8333333333333334,0.0
semantic,4,structure_gmm,1080,24,1247,0.49021093208640576,0.8294270833333334,0.2222222222222222,0.5,54,1.0,1.0,0.0,0.0
semantic,4,format_gmm,1080,24,1247,0.7639888782781451,0.9141808712121212,0.3333333333333333,0.75,54,1.0,1.0,1.0,0.0
semantic,5,column_mode,1080,24,1247,0.5055555555555555,0.8707386363636364,0.3333333333333333,0.75,54,1.0,1.0,1.0,0.0
semantic,5,global_gmm,1080,24,1247,0.2928336620510429,0.9696180555555556,0.3333333333333333,0.75,54,0.8333333333333334,1.0,1.0,0.16666666666666666
semantic,5,isolation_forest,1080,24,1247,0.10650508598186778,0.9030539772727273,0.07407407407407407,0.16666666666666666,54,0.0,0.5,0.0,0.16666666666666666
semantic,5,structure_gmm,1080,24,1247,0.4528731882763861,0.8335503472222222,0.2222222222222222,0.5,54,1.0,1.0,0.0,0.0
semantic,5,format_gmm,1080,24,1247,0.7400612116694836,0.9151278409090908,0.3333333333333333,0.75,54,1.0,1.0,1.0,0.0
semantic,6,column_mode,1080,24,1247,0.48769841269841274,0.8702651515151515,0.3333333333333333,0.75,54,1.0,1.0,1.0,0.0
semantic,6,global_gmm,1080,24,1247,0.32448986588215134,0.9760495580808081,0.3333333333333333,0.75,54,1.0,1.0,1.0,0.0
semantic,6,isolation_forest,1080,24,1247,0.11119063479188944,0.8997395833333334,0.09259259259259259,0.20833333333333334,54,0.0,0.3333333333333333,0.5,0.0
semantic,6,structure_gmm,1080,24,1247,0.49079991196081485,0.8335898042929293,0.2222222222222222,0.5,54,1.0,1.0,0.0,0.0
semantic,6,format_gmm,1080,24,1247,0.7642859368055354,0.9160945391414141,0.3333333333333333,0.75,54,1.0,1.0,1.0,0.0
semantic,7,column_mode,1080,24,1247,0.48769841269841274,0.8702651515151515,0.3333333333333333,0.75,54,1.0,1.0,1.0,0.0
semantic,7,global_gmm,1080,24,1247,0.3076479287124509,0.9719854797979798,0.3333333333333333,0.75,54,0.8333333333333334,1.0,1.0,0.16666666666666666
semantic,7,isolation_forest,1080,24,1247,0.12269237819222026,0.9087160669191919,0.14814814814814814,0.3333333333333333,54,0.3333333333333333,0.5,0.5,0.0
semantic,7,structure_gmm,1080,24,1247,0.4652827706115864,0.8297032828282829,0.2222222222222222,0.5,54,1.0,1.0,0.0,0.0
semantic,7,format_gmm,1080,24,1247,0.7415491871219053,0.9127209595959596,0.3333333333333333,0.75,54,1.0,1.0,1.0,0.0
semantic,8,column_mode,1080,24,1247,0.6191919191919192,0.8731060606060607,0.3333333333333333,0.75,54,1.0,1.0,1.0,0.0
semantic,8,global_gmm,1080,24,1247,0.3040729436716664,0.9657907196969697,0.35185185185185186,0.7916666666666666,54,0.8333333333333334,1.0,1.0,0.3333333333333333
semantic,8,isolation_forest,1080,24,1247,0.1456870101005976,0.9014559659090909,0.2777777777777778,0.625,54,0.8333333333333334,0.6666666666666666,1.0,0.0
semantic,8,structure_gmm,1080,24,1247,0.472631671492078,0.8176886047979799,0.2037037037037037,0.4583333333333333,54,0.8333333333333334,1.0,0.0,0.0
semantic,8,format_gmm,1080,24,1247,0.7323335229517131,0.9076309974747475,0.3148148148148148,0.7083333333333334,54,0.8333333333333334,1.0,1.0,0.0
semantic,9,column_mode,1080,24,1247,0.5455555555555556,0.8716856060606061,0.3333333333333333,0.75,54,1.0,1.0,1.0,0.0
semantic,9,global_gmm,1080,24,1247,0.3175250346944944,0.9767203282828283,0.3333333333333333,0.75,54,1.0,1.0,1.0,0.0
semantic,9,isolation_forest,1080,24,1247,0.18623119554109738,0.9309106691919192,0.2777777777777778,0.625,54,1.0,0.5,1.0,0.0
semantic,9,structure_gmm,1080,24,1247,0.5075863414885818,0.8356218434343434,0.2222222222222222,0.5,54,1.0,1.0,0.0,0.0
semantic,9,format_gmm,1080,24,1247,0.7644883435960634,0.9172979797979799,0.3333333333333333,0.75,54,1.0,1.0,1.0,0.0
semantic,10,column_mode,1080,24,1247,0.5247863247863247,0.8712121212121212,0.35185185185185186,0.7916666666666666,54,1.0,1.0,1.0,0.16666666666666666
semantic,10,global_gmm,1080,24,1247,0.3166779740761915,0.9761284722222223,0.35185185185185186,0.7916666666666666,54,1.0,1.0,1.0,0.16666666666666666
semantic,10,isolation_forest,1080,24,1247,0.13481054669250656,0.9079466540404041,0.09259259259259259,0.20833333333333334,54,0.0,0.3333333333333333,0.3333333333333333,0.16666666666666666
semantic,10,structure_gmm,1080,24,1247,0.4899724936134229,0.8278093434343434,0.2222222222222222,0.5,54,1.0,1.0,0.0,0.0
semantic,10,format_gmm,1080,24,1247,0.7639066746156667,0.9136284722222222,0.3333333333333333,0.75,54,1.0,1.0,1.0,0.0
semantic,11,column_mode,1080,24,1247,0.5455555555555556,0.8716856060606061,0.35185185185185186,0.7916666666666666,54,1.0,1.0,1.0,0.16666666666666666
semantic,11,global_gmm,1080,24,1247,0.3186909755992395,0.9700520833333334,0.37037037037037035,0.8333333333333334,54,0.8333333333333334,1.0,1.0,0.5
semantic,11,isolation_forest,1080,24,1247,0.11378734370051054,0.892538667929293,0.1111111111111111,0.25,54,0.0,0.3333333333333333,0.6666666666666666,0.0
semantic,11,structure_gmm,1080,24,1247,0.480650608815987,0.82421875,0.2222222222222222,0.5,54,1.0,1.0,0.0,0.0
semantic,11,format_gmm,1080,24,1247,0.7423983377673242,0.9114583333333334,0.3333333333333333,0.75,54,1.0,1.0,1.0,0.0
noisy,0,column_mode,1080,24,1247,0.5455555555555556,0.8716856060606061,0.3333333333333333,0.75,54,1.0,1.0,1.0,0.0
noisy,0,global_gmm,1080,24,1247,0.28911860398628014,0.964291351010101,0.35185185185185186,0.7916666666666666,54,0.6666666666666666,1.0,1.0,0.5
noisy,0,isolation_forest,1080,24,1247,0.12282697118808565,0.909051452020202,0.16666666666666666,0.375,54,0.3333333333333333,0.5,0.5,0.16666666666666666
noisy,0,structure_gmm,1080,24,1247,0.43584081759959625,0.8403566919191918,0.2222222222222222,0.5,54,1.0,1.0,0.0,0.0
noisy,0,format_gmm,1080,24,1247,0.5010759490238998,0.9051057449494949,0.2962962962962963,0.6666666666666666,54,0.6666666666666666,1.0,1.0,0.0
noisy,1,column_mode,1080,24,1247,0.6484126984126983,0.8735795454545455,0.3333333333333333,0.75,54,1.0,1.0,1.0,0.0
noisy,1,global_gmm,1080,24,1247,0.3180313894801294,0.973208648989899,0.3333333333333333,0.75,54,0.8333333333333334,1.0,1.0,0.16666666666666666
noisy,1,isolation_forest,1080,24,1247,0.1451856884627324,0.9333964646464646,0.2222222222222222,0.5,54,0.5,0.5,1.0,0.0
noisy,1,structure_gmm,1080,24,1247,0.5087695813539619,0.8688446969696969,0.2222222222222222,0.5,54,1.0,1.0,0.0,0.0
noisy,1,format_gmm,1080,24,1247,0.6006536585151132,0.8963857323232323,0.2962962962962963,0.6666666666666666,54,1.0,1.0,0.5,0.16666666666666666
noisy,2,column_mode,1080,24,1247,0.6191919191919192,0.8731060606060607,0.3333333333333333,0.75,54,1.0,1.0,1.0,0.0
noisy,2,global_gmm,1080,24,1247,0.3121304700301402,0.9758128156565657,0.35185185185185186,0.7916666666666666,54,1.0,1.0,1.0,0.16666666666666666
noisy,2,isolation_forest,1080,24,1247,0.1693287858427709,0.9259390782828283,0.2777777777777778,0.625,54,0.8333333333333334,0.6666666666666666,1.0,0.0
noisy,2,structure_gmm,1080,24,1247,0.5081499966508684,0.8393702651515151,0.2222222222222222,0.5,54,1.0,1.0,0.0,0.0
noisy,2,format_gmm,1080,24,1247,0.6272283982188319,0.9101759785353536,0.3333333333333333,0.75,54,1.0,1.0,1.0,0.0
noisy,3,column_mode,1080,24,1247,0.5680555555555555,0.8721590909090908,0.3333333333333333,0.75,54,1.0,1.0,1.0,0.0
noisy,3,global_gmm,1080,24,1247,0.33690355421213874,0.9784958964646465,0.35185185185185186,0.7916666666666666,54,1.0,1.0,1.0,0.16666666666666666
noisy,3,isolation_forest,1080,24,1247,0.16789215513953135,0.9342250631313131,0.25925925925925924,0.5833333333333334,54,0.8333333333333334,0.5,1.0,0.0
noisy,3,structure_gmm,1080,24,1247,0.5300425199413115,0.8547979797979798,0.2222222222222222,0.5,54,1.0,1.0,0.0,0.0
noisy,3,format_gmm,1080,24,1247,0.7823980256559145,0.9443655303030303,0.37037037037037035,0.8333333333333334,54,1.0,1.0,1.0,0.3333333333333333
noisy,4,column_mode,1080,24,1247,0.6191919191919192,0.8731060606060607,0.3333333333333333,0.75,54,1.0,1.0,1.0,0.0
noisy,4,global_gmm,1080,24,1247,0.3332253379637592,0.9786537247474747,0.35185185185185186,0.7916666666666666,54,1.0,1.0,1.0,0.16666666666666666
noisy,4,isolation_forest,1080,24,1247,0.13215846208047846,0.9031723484848485,0.2037037037037037,0.4583333333333333,54,0.8333333333333334,0.16666666666666666,0.8333333333333334,0.0
noisy,4,structure_gmm,1080,24,1247,0.49021093208640576,0.8294270833333334,0.2222222222222222,0.5,54,1.0,1.0,0.0,0.0
noisy,4,format_gmm,1080,24,1247,0.6560294375564176,0.9074731691919191,0.3333333333333333,0.75,54,1.0,1.0,1.0,0.0
noisy,5,column_mode,1080,24,1247,0.5055555555555555,0.8707386363636364,0.3333333333333333,0.75,54,1.0,1.0,1.0,0.0
noisy,5,global_gmm,1080,24,1247,0.2928336620510429,0.9696180555555556,0.3333333333333333,0.75,54,0.8333333333333334,1.0,1.0,0.16666666666666666
noisy,5,isolation_forest,1080,24,1247,0.10650508598186778,0.9030539772727273,0.07407407407407407,0.16666666666666666,54,0.0,0.5,0.0,0.16666666666666666
noisy,5,structure_gmm,1080,24,1247,0.4528731882763861,0.8335503472222222,0.2222222222222222,0.5,54,1.0,1.0,0.0,0.0
noisy,5,format_gmm,1080,24,1247,0.6788690854364577,0.9352904040404041,0.35185185185185186,0.7916666666666666,54,0.8333333333333334,1.0,1.0,0.3333333333333333
noisy,6,column_mode,1080,24,1247,0.48769841269841274,0.8702651515151515,0.3333333333333333,0.75,54,1.0,1.0,1.0,0.0
noisy,6,global_gmm,1080,24,1247,0.32448986588215134,0.9760495580808081,0.3333333333333333,0.75,54,1.0,1.0,1.0,0.0
noisy,6,isolation_forest,1080,24,1247,0.11119063479188944,0.8997395833333334,0.09259259259259259,0.20833333333333334,54,0.0,0.3333333333333333,0.5,0.0
noisy,6,structure_gmm,1080,24,1247,0.49079991196081485,0.8335898042929293,0.2222222222222222,0.5,54,1.0,1.0,0.0,0.0
noisy,6,format_gmm,1080,24,1247,0.7437505014655125,0.9228614267676768,0.35185185185185186,0.7916666666666666,54,1.0,1.0,1.0,0.16666666666666666
noisy,7,column_mode,1080,24,1247,0.48769841269841274,0.8702651515151515,0.3333333333333333,0.75,54,1.0,1.0,1.0,0.0
noisy,7,global_gmm,1080,24,1247,0.3076479287124509,0.9719854797979798,0.3333333333333333,0.75,54,0.8333333333333334,1.0,1.0,0.16666666666666666
noisy,7,isolation_forest,1080,24,1247,0.12269237819222026,0.9087160669191919,0.14814814814814814,0.3333333333333333,54,0.3333333333333333,0.5,0.5,0.0
noisy,7,structure_gmm,1080,24,1247,0.4652827706115864,0.8297032828282829,0.2222222222222222,0.5,54,1.0,1.0,0.0,0.0
noisy,7,format_gmm,1080,24,1247,0.6597556357131598,0.9030342487373737,0.3148148148148148,0.7083333333333334,54,0.8333333333333334,1.0,1.0,0.0
noisy,8,column_mode,1080,24,1247,0.6191919191919192,0.8731060606060607,0.3333333333333333,0.75,54,1.0,1.0,1.0,0.0
noisy,8,global_gmm,1080,24,1247,0.3040729436716664,0.9657907196969697,0.35185185185185186,0.7916666666666666,54,0.8333333333333334,1.0,1.0,0.3333333333333333
noisy,8,isolation_forest,1080,24,1247,0.1456870101005976,0.9014559659090909,0.2777777777777778,0.625,54,0.8333333333333334,0.6666666666666666,1.0,0.0
noisy,8,structure_gmm,1080,24,1247,0.472631671492078,0.8176886047979799,0.2037037037037037,0.4583333333333333,54,0.8333333333333334,1.0,0.0,0.0
noisy,8,format_gmm,1080,24,1247,0.622106328002087,0.9001736111111112,0.3148148148148148,0.7083333333333334,54,0.8333333333333334,1.0,1.0,0.0
noisy,9,column_mode,1080,24,1247,0.5455555555555556,0.8716856060606061,0.3333333333333333,0.75,54,1.0,1.0,1.0,0.0
noisy,9,global_gmm,1080,24,1247,0.3175250346944944,0.9767203282828283,0.3333333333333333,0.75,54,1.0,1.0,1.0,0.0
noisy,9,isolation_forest,1080,24,1247,0.18623119554109738,0.9309106691919192,0.2777777777777778,0.625,54,1.0,0.5,1.0,0.0
noisy,9,structure_gmm,1080,24,1247,0.5075863414885818,0.8356218434343434,0.2222222222222222,0.5,54,1.0,1.0,0.0,0.0
noisy,9,format_gmm,1080,24,1247,0.7474506462920889,0.924124053030303,0.35185185185185186,0.7916666666666666,54,1.0,1.0,1.0,0.16666666666666666
noisy,10,column_mode,1080,24,1247,0.5247863247863247,0.8712121212121212,0.35185185185185186,0.7916666666666666,54,1.0,1.0,1.0,0.16666666666666666
noisy,10,global_gmm,1080,24,1247,0.3166779740761915,0.9761284722222223,0.35185185185185186,0.7916666666666666,54,1.0,1.0,1.0,0.16666666666666666
noisy,10,isolation_forest,1080,24,1247,0.13481054669250656,0.9079466540404041,0.09259259259259259,0.20833333333333334,54,0.0,0.3333333333333333,0.3333333333333333,0.16666666666666666
noisy,10,structure_gmm,1080,24,1247,0.4899724936134229,0.8278093434343434,0.2222222222222222,0.5,54,1.0,1.0,0.0,0.0
noisy,10,format_gmm,1080,24,1247,0.5623626276352771,0.8916311553030303,0.3148148148148148,0.7083333333333334,54,1.0,1.0,0.8333333333333334,0.0
noisy,11,column_mode,1080,24,1247,0.5455555555555556,0.8716856060606061,0.35185185185185186,0.7916666666666666,54,1.0,1.0,1.0,0.16666666666666666
noisy,11,global_gmm,1080,24,1247,0.3186909755992395,0.9700520833333334,0.37037037037037035,0.8333333333333334,54,0.8333333333333334,1.0,1.0,0.5
noisy,11,isolation_forest,1080,24,1247,0.11378734370051054,0.892538667929293,0.1111111111111111,0.25,54,0.0,0.3333333333333333,0.6666666666666666,0.0
noisy,11,structure_gmm,1080,24,1247,0.480650608815987,0.82421875,0.2222222222222222,0.5,54,1.0,1.0,0.0,0.0
noisy,11,format_gmm,1080,24,1247,0.6565970056371722,0.9339488636363636,0.35185185185185186,0.7916666666666666,54,0.8333333333333334,1.0,1.0,0.3333333333333333
decorative,0,column_mode,1080,24,1247,0.5455555555555556,0.8716856060606061,0.3333333333333333,0.75,54,1.0,1.0,1.0,0.0
decorative,0,global_gmm,1080,24,1247,0.28911860398628014,0.964291351010101,0.35185185185185186,0.7916666666666666,54,0.6666666666666666,1.0,1.0,0.5
decorative,0,isolation_forest,1080,24,1247,0.12282697118808565,0.909051452020202,0.16666666666666666,0.375,54,0.3333333333333333,0.5,0.5,0.16666666666666666
decorative,0,structure_gmm,1080,24,1247,0.43584081759959625,0.8403566919191918,0.2222222222222222,0.5,54,1.0,1.0,0.0,0.0
decorative,0,format_gmm,1080,24,1247,0.2781713094851427,0.8808199179292928,0.2777777777777778,0.625,54,0.6666666666666666,1.0,0.5,0.3333333333333333
decorative,1,column_mode,1080,24,1247,0.6484126984126983,0.8735795454545455,0.3333333333333333,0.75,54,1.0,1.0,1.0,0.0
decorative,1,global_gmm,1080,24,1247,0.3180313894801294,0.973208648989899,0.3333333333333333,0.75,54,0.8333333333333334,1.0,1.0,0.16666666666666666
decorative,1,isolation_forest,1080,24,1247,0.1451856884627324,0.9333964646464646,0.2222222222222222,0.5,54,0.5,0.5,1.0,0.0
decorative,1,structure_gmm,1080,24,1247,0.5087695813539619,0.8688446969696969,0.2222222222222222,0.5,54,1.0,1.0,0.0,0.0
decorative,1,format_gmm,1080,24,1247,0.3988550464152366,0.9152856691919191,0.3333333333333333,0.75,54,0.8333333333333334,1.0,0.6666666666666666,0.5
decorative,2,column_mode,1080,24,1247,0.6191919191919192,0.8731060606060607,0.3333333333333333,0.75,54,1.0,1.0,1.0,0.0
decorative,2,global_gmm,1080,24,1247,0.3121304700301402,0.9758128156565657,0.35185185185185186,0.7916666666666666,54,1.0,1.0,1.0,0.16666666666666666
decorative,2,isolation_forest,1080,24,1247,0.1693287858427709,0.9259390782828283,0.2777777777777778,0.625,54,0.8333333333333334,0.6666666666666666,1.0,0.0
decorative,2,structure_gmm,1080,24,1247,0.5081499966508684,0.8393702651515151,0.2222222222222222,0.5,54,1.0,1.0,0.0,0.0
decorative,2,format_gmm,1080,24,1247,0.35078186311937304,0.8721393623737375,0.3333333333333333,0.75,54,1.0,1.0,0.6666666666666666,0.3333333333333333
decorative,3,column_mode,1080,24,1247,0.5680555555555555,0.8721590909090908,0.3333333333333333,0.75,54,1.0,1.0,1.0,0.0
decorative,3,global_gmm,1080,24,1247,0.33690355421213874,0.9784958964646465,0.35185185185185186,0.7916666666666666,54,1.0,1.0,1.0,0.16666666666666666
decorative,3,isolation_forest,1080,24,1247,0.16789215513953135,0.9342250631313131,0.25925925925925924,0.5833333333333334,54,0.8333333333333334,0.5,1.0,0.0
decorative,3,structure_gmm,1080,24,1247,0.5300425199413115,0.8547979797979798,0.2222222222222222,0.5,54,1.0,1.0,0.0,0.0
decorative,3,format_gmm,1080,24,1247,0.33517916738082554,0.9153448547979799,0.3333333333333333,0.75,54,1.0,1.0,0.5,0.5
decorative,4,column_mode,1080,24,1247,0.6191919191919192,0.8731060606060607,0.3333333333333333,0.75,54,1.0,1.0,1.0,0.0
decorative,4,global_gmm,1080,24,1247,0.3332253379637592,0.9786537247474747,0.35185185185185186,0.7916666666666666,54,1.0,1.0,1.0,0.16666666666666666
decorative,4,isolation_forest,1080,24,1247,0.13215846208047846,0.9031723484848485,0.2037037037037037,0.4583333333333333,54,0.8333333333333334,0.16666666666666666,0.8333333333333334,0.0
decorative,4,structure_gmm,1080,24,1247,0.49021093208640576,0.8294270833333334,0.2222222222222222,0.5,54,1.0,1.0,0.0,0.0
decorative,4,format_gmm,1080,24,1247,0.3120222645690619,0.8165640782828283,0.2777777777777778,0.625,54,1.0,1.0,0.3333333333333333,0.16666666666666666
decorative,5,column_mode,1080,24,1247,0.5055555555555555,0.8707386363636364,0.3333333333333333,0.75,54,1.0,1.0,1.0,0.0
decorative,5,global_gmm,1080,24,1247,0.2928336620510429,0.9696180555555556,0.3333333333333333,0.75,54,0.8333333333333334,1.0,1.0,0.16666666666666666
decorative,5,isolation_forest,1080,24,1247,0.10650508598186778,0.9030539772727273,0.07407407407407407,0.16666666666666666,54,0.0,0.5,0.0,0.16666666666666666
decorative,5,structure_gmm,1080,24,1247,0.4528731882763861,0.8335503472222222,0.2222222222222222,0.5,54,1.0,1.0,0.0,0.0
decorative,5,format_gmm,1080,24,1247,0.3166472852015353,0.873303345959596,0.2962962962962963,0.6666666666666666,54,0.8333333333333334,1.0,0.6666666666666666,0.16666666666666666
decorative,6,column_mode,1080,24,1247,0.48769841269841274,0.8702651515151515,0.3333333333333333,0.75,54,1.0,1.0,1.0,0.0
decorative,6,global_gmm,1080,24,1247,0.32448986588215134,0.9760495580808081,0.3333333333333333,0.75,54,1.0,1.0,1.0,0.0
decorative,6,isolation_forest,1080,24,1247,0.11119063479188944,0.8997395833333334,0.09259259259259259,0.20833333333333334,54,0.0,0.3333333333333333,0.5,0.0
decorative,6,structure_gmm,1080,24,1247,0.49079991196081485,0.8335898042929293,0.2222222222222222,0.5,54,1.0,1.0,0.0,0.0
decorative,6,format_gmm,1080,24,1247,0.34502896623216794,0.9062302714646464,0.3148148148148148,0.7083333333333334,54,1.0,1.0,0.6666666666666666,0.16666666666666666
decorative,7,column_mode,1080,24,1247,0.48769841269841274,0.8702651515151515,0.3333333333333333,0.75,54,1.0,1.0,1.0,0.0
decorative,7,global_gmm,1080,24,1247,0.3076479287124509,0.9719854797979798,0.3333333333333333,0.75,54,0.8333333333333334,1.0,1.0,0.16666666666666666
decorative,7,isolation_forest,1080,24,1247,0.12269237819222026,0.9087160669191919,0.14814814814814814,0.3333333333333333,54,0.3333333333333333,0.5,0.5,0.0
decorative,7,structure_gmm,1080,24,1247,0.4652827706115864,0.8297032828282829,0.2222222222222222,0.5,54,1.0,1.0,0.0,0.0
decorative,7,format_gmm,1080,24,1247,0.2965404164470492,0.8872316919191919,0.2962962962962963,0.6666666666666666,54,0.8333333333333334,1.0,0.3333333333333333,0.5
decorative,8,column_mode,1080,24,1247,0.6191919191919192,0.8731060606060607,0.3333333333333333,0.75,54,1.0,1.0,1.0,0.0
decorative,8,global_gmm,1080,24,1247,0.3040729436716664,0.9657907196969697,0.35185185185185186,0.7916666666666666,54,0.8333333333333334,1.0,1.0,0.3333333333333333
decorative,8,isolation_forest,1080,24,1247,0.1456870101005976,0.9014559659090909,0.2777777777777778,0.625,54,0.8333333333333334,0.6666666666666666,1.0,0.0
decorative,8,structure_gmm,1080,24,1247,0.472631671492078,0.8176886047979799,0.2037037037037037,0.4583333333333333,54,0.8333333333333334,1.0,0.0,0.0
decorative,8,format_gmm,1080,24,1247,0.24915423061790565,0.8451901830808081,0.2962962962962963,0.6666666666666666,54,0.8333333333333334,1.0,0.16666666666666666,0.6666666666666666
decorative,9,column_mode,1080,24,1247,0.5455555555555556,0.8716856060606061,0.3333333333333333,0.75,54,1.0,1.0,1.0,0.0
decorative,9,global_gmm,1080,24,1247,0.3175250346944944,0.9767203282828283,0.3333333333333333,0.75,54,1.0,1.0,1.0,0.0
decorative,9,isolation_forest,1080,24,1247,0.18623119554109738,0.9309106691919192,0.2777777777777778,0.625,54,1.0,0.5,1.0,0.0
decorative,9,structure_gmm,1080,24,1247,0.5075863414885818,0.8356218434343434,0.2222222222222222,0.5,54,1.0,1.0,0.0,0.0
decorative,9,format_gmm,1080,24,1247,0.4275574180918707,0.9488636363636364,0.37037037037037035,0.8333333333333334,54,1.0,1.0,1.0,0.3333333333333333
decorative,10,column_mode,1080,24,1247,0.5247863247863247,0.8712121212121212,0.35185185185185186,0.7916666666666666,54,1.0,1.0,1.0,0.16666666666666666
decorative,10,global_gmm,1080,24,1247,0.3166779740761915,0.9761284722222223,0.35185185185185186,0.7916666666666666,54,1.0,1.0,1.0,0.16666666666666666
decorative,10,isolation_forest,1080,24,1247,0.13481054669250656,0.9079466540404041,0.09259259259259259,0.20833333333333334,54,0.0,0.3333333333333333,0.3333333333333333,0.16666666666666666
decorative,10,structure_gmm,1080,24,1247,0.4899724936134229,0.8278093434343434,0.2222222222222222,0.5,54,1.0,1.0,0.0,0.0
decorative,10,format_gmm,1080,24,1247,0.2912169224349652,0.8739741161616161,0.2962962962962963,0.6666666666666666,54,1.0,1.0,0.3333333333333333,0.3333333333333333
decorative,11,column_mode,1080,24,1247,0.5455555555555556,0.8716856060606061,0.35185185185185186,0.7916666666666666,54,1.0,1.0,1.0,0.16666666666666666
decorative,11,global_gmm,1080,24,1247,0.3186909755992395,0.9700520833333334,0.37037037037037035,0.8333333333333334,54,0.8333333333333334,1.0,1.0,0.5
decorative,11,isolation_forest,1080,24,1247,0.11378734370051054,0.892538667929293,0.1111111111111111,0.25,54,0.0,0.3333333333333333,0.6666666666666666,0.0
decorative,11,structure_gmm,1080,24,1247,0.480650608815987,0.82421875,0.2222222222222222,0.5,54,1.0,1.0,0.0,0.0
decorative,11,format_gmm,1080,24,1247,0.3546395544067621,0.8880011047979798,0.2962962962962963,0.6666666666666666,54,0.8333333333333334,1.0,0.6666666666666666,0.16666666666666666
reversed,0,column_mode,1080,24,1247,0.5455555555555556,0.8716856060606061,0.3333333333333333,0.75,54,1.0,1.0,1.0,0.0
reversed,0,global_gmm,1080,24,1247,0.28911860398628014,0.964291351010101,0.35185185185185186,0.7916666666666666,54,0.6666666666666666,1.0,1.0,0.5
reversed,0,isolation_forest,1080,24,1247,0.12282697118808565,0.909051452020202,0.16666666666666666,0.375,54,0.3333333333333333,0.5,0.5,0.16666666666666666
reversed,0,structure_gmm,1080,24,1247,0.43584081759959625,0.8403566919191918,0.2222222222222222,0.5,54,1.0,1.0,0.0,0.0
reversed,0,format_gmm,1080,24,1247,0.29360667448994937,0.8946101641414141,0.2962962962962963,0.6666666666666666,54,0.6666666666666666,1.0,1.0,0.0
reversed,1,column_mode,1080,24,1247,0.6484126984126983,0.8735795454545455,0.3333333333333333,0.75,54,1.0,1.0,1.0,0.0
reversed,1,global_gmm,1080,24,1247,0.3180313894801294,0.973208648989899,0.3333333333333333,0.75,54,0.8333333333333334,1.0,1.0,0.16666666666666666
reversed,1,isolation_forest,1080,24,1247,0.1451856884627324,0.9333964646464646,0.2222222222222222,0.5,54,0.5,0.5,1.0,0.0
reversed,1,structure_gmm,1080,24,1247,0.5087695813539619,0.8688446969696969,0.2222222222222222,0.5,54,1.0,1.0,0.0,0.0
reversed,1,format_gmm,1080,24,1247,0.32627893196802216,0.9128985164141414,0.3148148148148148,0.7083333333333334,54,0.8333333333333334,1.0,1.0,0.0
reversed,2,column_mode,1080,24,1247,0.6191919191919192,0.8731060606060607,0.3333333333333333,0.75,54,1.0,1.0,1.0,0.0
reversed,2,global_gmm,1080,24,1247,0.3121304700301402,0.9758128156565657,0.35185185185185186,0.7916666666666666,54,1.0,1.0,1.0,0.16666666666666666
reversed,2,isolation_forest,1080,24,1247,0.1693287858427709,0.9259390782828283,0.2777777777777778,0.625,54,0.8333333333333334,0.6666666666666666,1.0,0.0
reversed,2,structure_gmm,1080,24,1247,0.5081499966508684,0.8393702651515151,0.2222222222222222,0.5,54,1.0,1.0,0.0,0.0
reversed,2,format_gmm,1080,24,1247,0.2983301014091483,0.8959911616161615,0.3333333333333333,0.75,54,1.0,1.0,1.0,0.0
reversed,3,column_mode,1080,24,1247,0.5680555555555555,0.8721590909090908,0.3333333333333333,0.75,54,1.0,1.0,1.0,0.0
reversed,3,global_gmm,1080,24,1247,0.33690355421213874,0.9784958964646465,0.35185185185185186,0.7916666666666666,54,1.0,1.0,1.0,0.16666666666666666
reversed,3,isolation_forest,1080,24,1247,0.16789215513953135,0.9342250631313131,0.25925925925925924,0.5833333333333334,54,0.8333333333333334,0.5,1.0,0.0
reversed,3,structure_gmm,1080,24,1247,0.5300425199413115,0.8547979797979798,0.2222222222222222,0.5,54,1.0,1.0,0.0,0.0
reversed,3,format_gmm,1080,24,1247,0.3304340012104083,0.9033696338383839,0.3333333333333333,0.75,54,1.0,1.0,1.0,0.0
reversed,4,column_mode,1080,24,1247,0.6191919191919192,0.8731060606060607,0.3333333333333333,0.75,54,1.0,1.0,1.0,0.0
reversed,4,global_gmm,1080,24,1247,0.3332253379637592,0.9786537247474747,0.35185185185185186,0.7916666666666666,54,1.0,1.0,1.0,0.16666666666666666
reversed,4,isolation_forest,1080,24,1247,0.13215846208047846,0.9031723484848485,0.2037037037037037,0.4583333333333333,54,0.8333333333333334,0.16666666666666666,0.8333333333333334,0.0
reversed,4,structure_gmm,1080,24,1247,0.49021093208640576,0.8294270833333334,0.2222222222222222,0.5,54,1.0,1.0,0.0,0.0
reversed,4,format_gmm,1080,24,1247,0.30622988943447094,0.8938999368686869,0.3333333333333333,0.75,54,1.0,1.0,1.0,0.0
reversed,5,column_mode,1080,24,1247,0.5055555555555555,0.8707386363636364,0.3333333333333333,0.75,54,1.0,1.0,1.0,0.0
reversed,5,global_gmm,1080,24,1247,0.2928336620510429,0.9696180555555556,0.3333333333333333,0.75,54,0.8333333333333334,1.0,1.0,0.16666666666666666
reversed,5,isolation_forest,1080,24,1247,0.10650508598186778,0.9030539772727273,0.07407407407407407,0.16666666666666666,54,0.0,0.5,0.0,0.16666666666666666
reversed,5,structure_gmm,1080,24,1247,0.4528731882763861,0.8335503472222222,0.2222222222222222,0.5,54,1.0,1.0,0.0,0.0
reversed,5,format_gmm,1080,24,1247,0.2928522014482288,0.8924005681818182,0.3148148148148148,0.7083333333333334,54,0.8333333333333334,1.0,1.0,0.0
reversed,6,column_mode,1080,24,1247,0.48769841269841274,0.8702651515151515,0.3333333333333333,0.75,54,1.0,1.0,1.0,0.0
reversed,6,global_gmm,1080,24,1247,0.32448986588215134,0.9760495580808081,0.3333333333333333,0.75,54,1.0,1.0,1.0,0.0
reversed,6,isolation_forest,1080,24,1247,0.11119063479188944,0.8997395833333334,0.09259259259259259,0.20833333333333334,54,0.0,0.3333333333333333,0.5,0.0
reversed,6,structure_gmm,1080,24,1247,0.49079991196081485,0.8335898042929293,0.2222222222222222,0.5,54,1.0,1.0,0.0,0.0
reversed,6,format_gmm,1080,24,1247,0.3018367527645429,0.8923808396464646,0.3333333333333333,0.75,54,1.0,1.0,1.0,0.0
reversed,7,column_mode,1080,24,1247,0.48769841269841274,0.8702651515151515,0.3333333333333333,0.75,54,1.0,1.0,1.0,0.0
reversed,7,global_gmm,1080,24,1247,0.3076479287124509,0.9719854797979798,0.3333333333333333,0.75,54,0.8333333333333334,1.0,1.0,0.16666666666666666
reversed,7,isolation_forest,1080,24,1247,0.12269237819222026,0.9087160669191919,0.14814814814814814,0.3333333333333333,54,0.3333333333333333,0.5,0.5,0.0
reversed,7,structure_gmm,1080,24,1247,0.4652827706115864,0.8297032828282829,0.2222222222222222,0.5,54,1.0,1.0,0.0,0.0
reversed,7,format_gmm,1080,24,1247,0.33218584029674153,0.8910392992424243,0.3148148148148148,0.7083333333333334,54,0.8333333333333334,1.0,1.0,0.0
reversed,8,column_mode,1080,24,1247,0.6191919191919192,0.8731060606060607,0.3333333333333333,0.75,54,1.0,1.0,1.0,0.0
reversed,8,global_gmm,1080,24,1247,0.3040729436716664,0.9657907196969697,0.35185185185185186,0.7916666666666666,54,0.8333333333333334,1.0,1.0,0.3333333333333333
reversed,8,isolation_forest,1080,24,1247,0.1456870101005976,0.9014559659090909,0.2777777777777778,0.625,54,0.8333333333333334,0.6666666666666666,1.0,0.0
reversed,8,structure_gmm,1080,24,1247,0.472631671492078,0.8176886047979799,0.2037037037037037,0.4583333333333333,54,0.8333333333333334,1.0,0.0,0.0
reversed,8,format_gmm,1080,24,1247,0.3003869062108988,0.8852588383838385,0.3148148148148148,0.7083333333333334,54,0.8333333333333334,1.0,1.0,0.0
reversed,9,column_mode,1080,24,1247,0.5455555555555556,0.8716856060606061,0.3333333333333333,0.75,54,1.0,1.0,1.0,0.0
reversed,9,global_gmm,1080,24,1247,0.3175250346944944,0.9767203282828283,0.3333333333333333,0.75,54,1.0,1.0,1.0,0.0
reversed,9,isolation_forest,1080,24,1247,0.18623119554109738,0.9309106691919192,0.2777777777777778,0.625,54,1.0,0.5,1.0,0.0
reversed,9,structure_gmm,1080,24,1247,0.5075863414885818,0.8356218434343434,0.2222222222222222,0.5,54,1.0,1.0,0.0,0.0
reversed,9,format_gmm,1080,24,1247,0.3128284906478629,0.8952809343434344,0.3333333333333333,0.75,54,1.0,1.0,1.0,0.0
reversed,10,column_mode,1080,24,1247,0.5247863247863247,0.8712121212121212,0.35185185185185186,0.7916666666666666,54,1.0,1.0,1.0,0.16666666666666666
reversed,10,global_gmm,1080,24,1247,0.3166779740761915,0.9761284722222223,0.35185185185185186,0.7916666666666666,54,1.0,1.0,1.0,0.16666666666666666
reversed,10,isolation_forest,1080,24,1247,0.13481054669250656,0.9079466540404041,0.09259259259259259,0.20833333333333334,54,0.0,0.3333333333333333,0.3333333333333333,0.16666666666666666
reversed,10,structure_gmm,1080,24,1247,0.4899724936134229,0.8278093434343434,0.2222222222222222,0.5,54,1.0,1.0,0.0,0.0
reversed,10,format_gmm,1080,24,1247,0.30391708960455227,0.8925583964646464,0.3333333333333333,0.75,54,1.0,1.0,1.0,0.0
reversed,11,column_mode,1080,24,1247,0.5455555555555556,0.8716856060606061,0.35185185185185186,0.7916666666666666,54,1.0,1.0,1.0,0.16666666666666666
reversed,11,global_gmm,1080,24,1247,0.3186909755992395,0.9700520833333334,0.37037037037037035,0.8333333333333334,54,0.8333333333333334,1.0,1.0,0.5
reversed,11,isolation_forest,1080,24,1247,0.11378734370051054,0.892538667929293,0.1111111111111111,0.25,54,0.0,0.3333333333333333,0.6666666666666666,0.0
reversed,11,structure_gmm,1080,24,1247,0.480650608815987,0.82421875,0.2222222222222222,0.5,54,1.0,1.0,0.0,0.0
reversed,11,format_gmm,1080,24,1247,0.31120509432508,0.887567077020202,0.3148148148148148,0.7083333333333334,54,0.8333333333333334,1.0,1.0,0.0
