position,category,model,move,agreement,nodes,seconds,value,after_move_cp,reference_gap_cp
Italian,opening,static,f3e5,False,33,0.010663934997864999,112.0,-558,668
Italian,opening,relaxfish,f3e5,False,33,0.04300350000266917,128.049441950823,-558,668
Italian,opening,stockfish_2k,c2c3,True,2000,0.003,,110,0
Sicilian,opening,static,f1a6,False,43,0.011155166997923516,119.0,-587,603
Sicilian,opening,relaxfish,f1a6,False,43,0.05115197899431223,95.07686753601631,-587,603
Sicilian,opening,stockfish_2k,f1e2,True,2000,0.003,,16,0
French,opening,static,e4d5,False,33,0.010616254003252834,113.0,15,38
French,opening,relaxfish,e4d5,False,33,0.04254815600143047,137.6839618851247,15,38
French,opening,stockfish_2k,a2a3,False,2000,0.003,,-13,66
Caro-Kann,opening,static,c1e3,False,42,0.017140866002591792,17.0,-892,1048
Caro-Kann,opening,relaxfish,g1f3,False,42,0.05169999099598499,68.39026969753125,-685,841
Caro-Kann,opening,stockfish_2k,e4g3,True,2000,0.003,,156,0
Queens-Gambit,opening,static,c3d5,False,33,0.009216304999426939,114.0,-789,860
Queens-Gambit,opening,relaxfish,c4d5,True,33,0.042755875998409465,103.09570951342178,71,0
Queens-Gambit,opening,stockfish_2k,c4c5,False,2000,0.004,,-87,158
Kings-Indian,opening,static,c1e3,False,40,0.011482996000268031,17.0,-2,66
Kings-Indian,opening,relaxfish,g1f3,False,40,0.051015913995797746,24.410484562025914,88,-24
Kings-Indian,opening,stockfish_2k,g1f3,False,2000,0.004,,88,-24
English,opening,static,c3d5,False,28,0.008249509999586735,110.0,-148,183
English,opening,relaxfish,c4d5,True,28,0.036554868005623575,92.85964553419328,35,0
English,opening,stockfish_2k,c4d5,True,2008,0.003,,35,0
Reti,opening,static,b1c3,False,26,0.008481153003231157,3.0,-66,122
Reti,opening,relaxfish,b1c3,False,26,0.03403235600126209,34.27928524930594,-66,122
Reti,opening,stockfish_2k,d2d3,False,2001,0.005,,-1,57
Legal-random-1,middlegame,static,a3c4,False,34,0.012937529994815122,129.0,511,-43
Legal-random-1,middlegame,relaxfish,f5e6,False,34,0.043624830002954695,147.1383313023484,379,89
Legal-random-1,middlegame,stockfish_2k,b4b5,False,2026,0.003,,434,34
Legal-random-2,middlegame,static,e5e7,False,49,0.010565225995378569,319.0,-738,1098
Legal-random-2,middlegame,relaxfish,e5e7,False,49,0.05888874299853342,376.7889688059574,-738,1098
Legal-random-2,middlegame,stockfish_2k,e5f6,True,2000,0.003,,360,0
Legal-random-3,middlegame,static,d5d6,True,39,0.013117310001689475,874.0,-457,0
Legal-random-3,middlegame,relaxfish,d5d6,True,39,0.050948969001183286,786.8030933558023,-457,0
Legal-random-3,middlegame,stockfish_2k,d5d6,True,2000,0.002,,-457,0
Legal-random-4,middlegame,static,g5h6,False,43,0.011008064000634477,237.0,-768,734
Legal-random-4,middlegame,relaxfish,g5h6,False,43,0.05812150199926691,280.7279207340976,-768,734
Legal-random-4,middlegame,stockfish_2k,d3f4,True,2006,0.003,,-34,0
Legal-random-5,middlegame,static,e1f2,True,4,0.0010691879942896776,-100.0,-1097,0
Legal-random-5,middlegame,relaxfish,e1f2,True,4,0.004965346997778397,-109.98362893649667,-1097,0
Legal-random-5,middlegame,stockfish_2k,e1f2,True,2000,0.004,,-1097,0
Legal-random-6,middlegame,static,f4e5,True,22,0.008076732003246434,-1339.0,-1869,0
Legal-random-6,middlegame,relaxfish,f4e5,True,22,0.027884295996045694,-1282.8892572317022,-1869,0
Legal-random-6,middlegame,stockfish_2k,f4e5,True,2000,0.003,,-1869,0
Legal-random-7,middlegame,static,f4g5,False,25,0.0088402280016453,-614.0,-890,294
Legal-random-7,middlegame,relaxfish,g4h5,True,25,0.03280500500113703,-635.0818127304032,-596,0
Legal-random-7,middlegame,stockfish_2k,g4h5,True,2000,0.003,,-596,0
Legal-random-8,middlegame,static,g5h6,True,25,0.008858319000864867,792.0,291,0
Legal-random-8,middlegame,relaxfish,g5h6,True,25,0.03321761799452361,785.8558680126621,291,0
Legal-random-8,middlegame,stockfish_2k,g5h6,True,2000,0.004,,291,0
Endgame-1,endgame,static,g6g7,True,23,0.0011862829996971413,100000,10000,0
Endgame-1,endgame,relaxfish,g6g7,True,23,0.0072325970031670295,100000,10000,0
Endgame-1,endgame,stockfish_2k,g6g7,True,2000,0.001,,10000,0
Endgame-2,endgame,static,g3g2,True,23,0.0011576260003494099,-100000,10000,0
Endgame-2,endgame,relaxfish,g3g2,True,23,0.007313677997444756,-100000,10000,0
Endgame-2,endgame,stockfish_2k,g3g2,True,2000,0.002,,10000,0
Endgame-3,endgame,static,g6g7,False,8,0.0005554300005314872,112.0,15,9980
Endgame-3,endgame,relaxfish,g6g7,False,8,0.0037576200047624297,128.19553504566113,15,9980
Endgame-3,endgame,stockfish_2k,f5f6,True,2000,0.002,,9995,0
Endgame-4,endgame,static,g3g2,False,8,0.0005800030048703775,-112.0,5,9990
Endgame-4,endgame,relaxfish,g3g2,False,8,0.003787524998188019,-128.19553504566113,5,9990
Endgame-4,endgame,stockfish_2k,f4f3,True,2000,0.003,,9995,0
Endgame-5,endgame,static,c3b2,False,21,0.0016836790018714964,500.0,605,4
Endgame-5,endgame,relaxfish,d2g2,True,21,0.009948904997145291,514.2801692223268,609,0
Endgame-5,endgame,stockfish_2k,c3d4,False,2000,0.003,,640,-31
Endgame-6,endgame,static,c6b5,False,21,0.0016677070016157813,-500.0,600,42
Endgame-6,endgame,relaxfish,d7g7,False,21,0.009824462998949457,-514.2801692223268,637,5
Endgame-6,endgame,stockfish_2k,c6d5,True,2000,0.002,,642,0
Endgame-7,endgame,static,e2d1,False,8,0.001735628000460565,0.0,0,0
Endgame-7,endgame,relaxfish,e2d1,False,8,0.012483238999266177,0.0,0,0
Endgame-7,endgame,stockfish_2k,e2f2,False,2001,0.002,,-1,1
Endgame-8,endgame,static,e7d6,False,8,0.0016146670022862963,0.0,0,0
Endgame-8,endgame,relaxfish,e7d7,False,8,0.005781319996458478,0.0,-14,14
Endgame-8,endgame,stockfish_2k,e7d7,False,2001,0.003,,-14,14
