ply,move,side,seconds,midi_note,capture
1,e3,white,11.2941,69,False
2,e5,black,12.0529,69,False
3,Ke2,white,12.7059,69,False
4,b6,black,13.4647,64,False
5,Qe1,white,14.1176,69,False
6,Qg5,black,14.8765,72,False
7,Kd1,white,15.5294,67,False
8,Qg4+,black,16.2882,60,False
9,Be2,white,16.9412,69,False
10,Qxg2,black,17.7,60,True
11,Nf3,white,18.3529,71,False
12,Nc6,black,19.1118,65,False
13,h4,white,19.7647,74,False
14,Nh6,black,20.5235,74,False
15,Ng5,white,21.1765,84,False
16,Rg8,black,21.9353,72,False
17,Rg1,white,22.5882,72,False
18,Qh2,black,23.3471,62,False
19,Nf3,white,24.0,71,False
20,Qh3,black,24.7588,62,False
21,Rg3,white,25.4118,72,False
22,Qf5,black,26.1706,71,False
23,e4,white,26.8235,69,False
24,Qf4,black,27.5824,59,False
25,Ng5,white,28.2353,84,False
26,Qxh4,black,28.9941,62,True
27,Qg1,white,29.6471,72,False
28,Qf4,black,30.4059,59,False
29,Nh3,white,31.0588,74,False
30,Qxe4,black,31.8176,57,True
31,Rxg7,white,32.4706,84,True
32,Bxg7,black,33.2294,72,True
33,Qxg7,white,33.8824,84,True
34,Rxg7,black,34.6412,72,True
35,Bh5,white,35.2941,86,False
36,Rg1+,black,36.0529,60,False
37,Nxg1,white,36.7059,72,True
38,d5,black,37.4647,67,False
39,d3,white,38.1176,67,False
40,Qf5,black,38.8765,71,False
41,Bg6,white,39.5294,84,False
42,Qxg6,black,40.2882,72,True
43,Bxh6,white,40.9412,86,True
44,Qxg1+,black,41.7,60,True
45,Ke2,white,42.3529,69,False
46,Qg4+,black,43.1118,60,False
47,f3,white,43.7647,71,False
48,Nd4+,black,44.5235,55,False
49,Ke3,white,45.1765,69,False
50,Qxf3+,black,45.9353,59,True
51,Kd2,white,46.5882,67,False
52,Qf2+,black,47.3471,59,False
53,Kc3,white,48.0,65,False
54,Nb5+,black,48.7588,64,False
55,Kb4,white,49.4118,64,False
56,c6,black,50.1706,65,False
57,Nc3,white,50.8235,65,False
58,c5+,black,51.5824,65,False
59,Kxb5,white,52.2353,76,True
60,Qxc2,black,52.9941,53,True
61,Kc6,white,53.6471,77,False
62,Bd7+,black,54.4059,67,False
63,Kb7,white,55.0588,76,False
64,Rd8,black,55.8176,67,False
65,Bg5,white,56.4706,84,False
66,Qxb2,black,57.2294,52,True
67,Rh1,white,57.8824,74,False
68,Bc8+,black,58.6412,65,False
69,Kc7,white,59.2941,77,False
70,Rd7+,black,60.0529,67,False
71,Kxc8,white,60.7059,77,True
72,Qxc3,black,61.4647,53,True
73,Rxh7,white,62.1176,86,True
74,Qxd3,black,62.8765,55,True
75,Rh8#,white,63.5294,86,False
