period,capital,output,wealth_gini,disposable_income_gini,mean_consumption,wealth_group1,wealth_group2,wealth_group3,income_group1,income_group2,income_group3
0.0,4.1,1.6386052796973472,0.5341463414634148,0.13086585365853656,1.310884223757878,1.0,4.0,20.0,1.3350636431290215,1.6288136140015945,3.195480125321985
1.0,4.22272105593947,1.672246449929735,0.5028481558735083,0.12319779818900949,1.3377971599437881,1.2170127286258043,4.125762722800319,19.639096025064397,1.380624098309522,1.6628392772968248,3.1679868985624395
2.0,4.346034293128444,1.7061550335130948,0.4736321432959612,0.11603987510751049,1.364924026810476,1.4322869118564185,4.252042442119668,19.290738603523664,1.425906516294364,1.6971147587641036,3.1435587186027147
3.0,4.469963585174639,1.7403445167065708,0.44633403060714155,0.10935183749874962,1.3922756133652567,1.6458538695224703,4.378863271766505,18.954913417068024,1.4709561151419661,1.731654568269003,3.122046318279866
4.0,4.594534309257222,1.7748281319834422,0.42080521429936835,0.10309727750334524,1.419862505586754,1.8577523990747398,4.5062510218319805,18.631577009870597,1.5158154195743525,1.7664728831960523,3.1033126891784506
5.0,4.719773220191049,1.809618886488416,0.39691097372154777,0.09724318856177919,1.4476951091907326,2.0680278630358733,4.634233047379591,18.32066069721276,1.560524529012788,1.801583584634363,3.087231881282765
6.0,4.84570833647918,1.8447295879382744,0.3745289215615003,0.09175958578256753,1.4757836703506195,2.276731375686637,4.762838111937484,18.02207403860867,1.6051213546518845,1.8370002900903262,3.0736879457620163
7.0,4.972368837242875,1.880172868265014,0.35354765579673897,0.08661917567020105,1.504138294612011,2.483919077832682,4.892096264358674,17.735707925830642,1.6496418297734894,1.8727363831523838,3.062574001173155
8.0,5.099784969033734,1.915961205260634,0.3338655833506051,0.08179706792089828,1.5327689642085072,2.6896514898957453,5.022038727771217,17.46143732977374,1.6941200968562589,1.908805040473396,3.0537914064314613
9.0,5.227987961634174,1.952106942448837,0.3153898905917412,0.0772705231949766,1.5616855539590697,2.8939929347722098,5.152697799477336,17.199123744571345,1.7385886745016865,1.9452192563860258,3.0472490264358356
10.0,5.357009952042231,1.988622307380006,0.2980356398291664,0.0730187317581458,1.5908978459040048,3.0970110229339363,5.2841067607806735,16.948617362629943,1.7830786067518682,1.9819918654242594,3.042862578343679
11.0,5.486883915916121,2.025519428521129,0.2817249742570484,0.0690226186929768,1.6204155428169034,3.298776193137613,5.416299795826491,16.709759010167183,1.8276195970019082,2.0191355629882506,3.0405540482487456
12.0,5.617643605824541,2.062810350891174,0.2663864165300848,0.06526467204987076,1.650248280712939,3.499361302881114,5.549311918632816,16.482381869308572,1.8722401283974877,2.0566629243591192,3.0402511694878234
13.0,5.749323495711549,2.1005070505742016,0.25195424841108666,0.061728790860716184,1.6804056404593612,3.698841263416556,5.683178907572999,16.266313009740706,1.916967572345115,2.0945864222442308,3.0418869550395167
14.0,5.881958731040811,2.1386214482267967,0.23836796081356887,0.058400150399324335,1.7108971585814374,3.8972927147147507,5.8179372466431944,16.061374750261574,1.9618282865403291,2.132918443011104,3.0453992775219043
15.0,6.015585084134129,2.1771654216828122,0.2255717651332042,0.055265082457635,1.74173233734625,4.0947937362870785,5.953624072913255,15.867385868252876,2.006847703730777,2.1716713017488756,3.050730491178738
16.0,6.150238914263985,2.2161508177466347,0.21351415807853158,0.052310968729240244,1.772920654197308,4.29142359021888,6.090277129617367,15.68416267307598,2.0520504122708743,2.2108572562796747,3.057827090993278
17.0,6.285957132100112,2.2555894632559097,0.2021475333182243,0.04952614566296497,1.8044715706047278,4.487262493162111,6.2279347243924335,15.511519957620834,2.097460229388106,2.250488520227916,3.066639404706901
18.0,6.422777168146288,2.2954931754857615,0.19142783419585677,0.0468998193779849,1.8363945403886093,4.682391414381627,6.366635692218394,15.349271840681173,2.1431002679641153,2.2905772752431277,3.077121314064529
19.0,6.560736944836126,2.33587377195869,0.1813142425530138,0.04442198942548836,1.8686990175669522,4.876891897255368,6.5064193626561,15.19723251146002,2.1889929975333953,2.3311356824611,3.0892300020755266
20.0,6.699874851986058,2.37674307971752,0.1717688993718608,0.04208338034610586,1.9013944637740159,5.070845901899278,6.647325531015515,15.055216886302123,2.235160300116125,2.3721758932787647,3.102925723479514
21.0,6.840229725330258,2.41811294411273,0.16275665351869523,0.03987538011208033,1.9344903552901842,5.264335666827539,6.789394433120491,14.92304118668292,2.2816235214271803,2.4137100595099703,3.1181715959515177
22.0,6.981840827886291,2.459995237150245,0.15424483535673497,0.037789984662400085,1.967996189720196,5.457443587771597,6.93266672336646,14.800523446539076,2.3284035179390106,2.4557503429821406,3.134933409878835
23.0,7.124747833922025,2.502401865441062,0.14620305241286322,0.03581974784115145,2.0019214923528494,5.650252111970819,7.077183455794565,14.687483956187888,2.3755207002201897,2.498308924627485,3.1531794547997296
24.0,7.268990815314136,2.5453447777900045,0.13860300464029326,0.03395773613687182,2.0362758222320037,5.842843646416315,7.222986067930334,14.58374564933844,2.4229950729229595,2.541398013116874,3.172880360817752
25.0,7.41461023010643,2.5888359724572227,0.13141831712633362,0.03219748769595174,2.0710687779657784,6.035300478680091,7.370116367157192,14.489134439035068,2.4708462717507893,2.585029853079596,3.194008953499896
26.0,7.561646913092552,2.632887504122835,0.12462438835926395,0.030532975148019656,2.106310003298268,6.227704709096244,7.518616519415252,14.403479507783294,2.51909359770008,2.6292167329479073,3.2165401209363202
27.0,7.71014206826249,2.6775114905822135,0.11819825239715528,0.028958571837303052,2.142009192465771,6.420138193181447,7.66852904003407,14.326613556581393,2.567756048837825,2.673970992461427,3.240450691787304
28.0,7.860137262965808,2.7227201191969006,0.11211845347963022,0.027469021102509383,2.1781760953575207,6.612682493289939,7.819896786524652,14.258373017109783,2.61685234984878,2.71930502986309,3.2657193232727453
29.0,8.011674423656899,2.7685256531237843,0.10636493179554296,0.026059408289908045,2.2148205224990276,6.805418838595198,7.972762953171037,14.198598230908841,2.666400979560727,2.7652313088152987,3.292326398173011
30.0,8.16479583309881,2.814940437343212,0.10091891926914022,0.024725135220939352,2.2519523498745695,6.9984280925775835,8.127171067275544,14.147133598998,2.716420196634617,2.8117623650622896,3.3202539300098772
31.0,8.319544128912511,2.86197690450482,0.0957628443576291,0.02346189686761914,2.289581523603856,7.191790727275627,8.283164986924223,14.103827705050076,2.766928063586966,2.8589108128623084,3.3494854756641343
32.0,8.475962303367849,2.909647580608279,0.09088024496692615,0.022265660016896904,2.327718064486623,7.385586803629239,8.440788900150473,14.068533414930398,2.817942469294894,2.9066893512110727,3.380006054764027
33.0,8.634093704321112,2.9579650905346506,0.08625568869197217,0.021132643729533187,2.3663720724277204,7.579895957306755,8.600087325385163,14.041107955136683,2.8694811501190056,2.955110769876081,3.411802075247151
34.0,8.793982037211984,3.0069421634427607,0.08187469967532222,0.02005930142045395,2.405553730754208,7.774797389465219,8.76110511309112,14.021412972429278,2.9215617097659807,3.0041879552596384,3.4448612645591474
35.0,8.955671368039939,3.056591638043791,0.07772369145441092,0.019042304406330667,2.445273310435033,7.970369861945153,8.923887448488491,14.009314576719644,2.9742016380007903,3.05393389610692,3.479172606006279
36.0,9.119206127246699,3.106926467766231,0.07378990523536581,0.01807852678266463,2.4855411742129845,8.166691696448053,9.088479855285449,14.004683369084917,3.027418328307887,3.1043616890740258,3.514726279826767
37.0,9.28463111443761,3.157959725822382,0.07006135309070857,0.01716503150722364,2.526367780657906,8.363840777287228,9.254928200335982,14.007394456596025,3.0812290945912943,3.1554845441697665,3.551513608588283
38.0,9.451991503880205,3.2097046101866917,0.06652676563078079,0.01629905757954131,2.5677636881493533,8.561894557341125,9.423278699153135,14.01732745548388,3.1356511869950334,3.207315790083735,3.5895270065568097
39.0,9.621332850723531,3.262174448495485,0.06317554374515502,0.015478008217563002,2.609739558796388,8.760930066873074,9.593577922212225,14.034366484021046,3.190701806917903,3.2598688794123376,3.6287599327159876
40.0,9.79270109788645,3.3153827028768545,0.059997714051406935,0.014699439942594697,2.6523061623014836,8.961023924913,9.76587280198408,14.05840014636319,3.2463981212897624,3.3131573937934,3.6692068471461354
41.0,9.966142583567498,3.3693429747189194,0.05698388772509782,0.01396105249264895,2.695474379775136,9.162252352925302,9.940210640643556,14.089321508474256,3.3027572761705426,3.367195048959294,3.7108631704993043
42.0,10.141704049332908,3.424069009383996,0.05412522241722035,0.013260679492218968,2.7392552075071968,9.364691190513145,10.116639118403237,14.127028067150404,3.35979640972769,3.4219956997176633,3.7537252463308577
43.0,10.31943264874306,3.479574700875766,0.05141338699419093,0.012596279813576786,2.783659760700613,9.568415912933025,10.295206302426607,14.171421713059054,3.417532664642949,3.4775733448682558,3.7977903060698917
44.0,10.49937595648106,3.5358740964659687,0.048840528861161164,0.011965929570984489,2.8286992771727753,9.773501650214962,10.475960656278927,14.222408688620078,3.4759831999949373,3.5339421320636775,3.8430564364302904
45.0,10.6815819779502,3.59298140128679,0.04639924365234384,0.011367814694824238,2.874385121029432,9.980023207703201,10.658951049877716,14.279899541475132,3.535165202660072,3.591116362621412,3.8895225490818914
46.0,10.866099159310048,3.6509109828946333,0.04408254709252965,0.010800224037669748,2.9207287863157063,10.188055087850055,10.844226769908111,14.343809074217754,3.59509589827078,3.6491104962938636,3.9371883524169773
47.0,11.052976397923471,3.709677375810671,0.04188384885229705,0.010261542968812792,2.967741900648537,10.397671513111707,11.031837530671478,14.414056290990262,3.655792561766756,3.7079391560028028,3.9860543252617164
48.0,11.242263053189431,3.7692952860431883,0.03979692823583545,0.009750247417779702,3.0154362288345515,10.608946449809473,11.221833485338463,14.49056434149309,3.7172725275720766,3.76761713254412,4.036121692395019
49.0,11.434008957738596,3.8297795955964538,0.037815911555030925,0.009264898330982558,3.0638236764771634,10.821953632833415,11.414265237580363,14.57326046289744,3.779553199428351,3.8281593892684502,4.087392401748982
50.0,11.628264428970956,3.8911453669705836,0.03593525105669137,0.008804136508889417,3.1129162935764674,11.036766591077413,11.609183853555034,14.662075920102366,3.8426520599117255,3.8895810667428785,4.139869103175694
51.0,11.825080280916527,3.9534078476565764,0.03414970528168633,0.008366677794013134,3.1627262781252616,11.253458673505888,11.806640874225858,14.756945944732385,3.906586679659333,3.951897487398601,4.193555128674697
52.0,12.024507836402012,4.016582474630512,0.032454320745488735,0.00795130858264476,3.2132659797044107,11.47210307576246,12.006688327994283,14.857809673230705,3.9713747263288535,4.015124160169169,4.248454473984183
53.0,12.226598939508015,4.080684878850669,0.030844414839261345,0.007556881635619023,3.264547903080536,11.692772867240107,12.209378743628402,14.964610084366004,4.037033973313054,4.07927678512365,4.304571781446827
54.0,12.431405968302748,4.145730889761115,0.029315559859347733,0.007182312165540188,3.316584711808892,11.915541018540713,12.414765163471712,15.07729393643707,4.103582308229508,4.144371258098805,4.361912324068391
55.0,12.638981847839833,4.211736539805184,0.02786356808090185,0.006826574179820958,3.3693892318441474,12.140480429259577,12.622901156917886,15.195811704428895,4.171037741204265,4.210423675334186,4.420481990693767
56.0,12.849380063408876,4.278718068952054,0.026484477798513012,0.006488697060635677,3.4229744551616434,12.36766395603745,12.833840834138828,15.320117517346203,4.239418412966838,4.277450338113821,4.480287272231068
57.0,13.062654674028844,4.346691929239524,0.025174540263134926,0.006167762364468032,3.4773535433916196,12.597164440828946,13.047638860054649,15.450169095925105,4.30874260277267,4.345467757418012,4.541335248859844
58.0,13.278860326175305,4.415674789335913,0.023930207450474344,0.005862900825366194,3.5325398314687306,12.829054739342032,13.264350468535518,15.585927690900817,4.37902873616809,4.414492658588563,4.603633578164429
59.0,13.498052267733723,4.485683539123947,0.022748120601301276,0.005573289547318833,3.5885468312991575,13.06340774960855,13.484031476826454,15.727358021988662,4.450295392611775,4.484541986010651,4.667190484137991
60.0,13.720286362171827,4.556735294309307,0.021625099478965314,0.005298149372346505,3.645388235447446,13.300296440650477,13.706738300187261,15.874428217716826,4.522561312965731,4.555632907814353,4.732014747007004
