indicator,country,name,year,value
NY.GDP.PCAP.KD,BRA,Brazil,2024,9566.74518687619
NY.GDP.PCAP.KD,BRA,Brazil,2023,9288.02701470069
NY.GDP.PCAP.KD,BRA,Brazil,2022,9032.08481566299
NY.GDP.PCAP.KD,BRA,Brazil,2021,8799.22945810901
NY.GDP.PCAP.KD,BRA,Brazil,2020,8435.01143254978
NY.GDP.PCAP.KD,BRA,Brazil,2019,8771.44051292177
NY.GDP.PCAP.KD,BRA,Brazil,2018,8722.33630317935
NY.GDP.PCAP.KD,BRA,Brazil,2017,8628.25308908043
NY.GDP.PCAP.KD,BRA,Brazil,2016,8577.84376650911
NY.GDP.PCAP.KD,BRA,Brazil,2015,8936.19661712113
NY.GDP.PCAP.KD,BRA,Brazil,2014,9338.34278278114
NY.GDP.PCAP.KD,BRA,Brazil,2013,9366.73932434359
NY.GDP.PCAP.KD,BRA,Brazil,2012,9167.49923929815
NY.GDP.PCAP.KD,BRA,Brazil,2011,9067.99316348047
NY.GDP.PCAP.KD,BRA,Brazil,2010,8792.63436120342
NY.GDP.PCAP.KD,CHN,China,2024,13119.1076099516
NY.GDP.PCAP.KD,CHN,China,2023,12483.9791101249
NY.GDP.PCAP.KD,CHN,China,2022,11830.298767861
NY.GDP.PCAP.KD,CHN,China,2021,11469.3174514512
NY.GDP.PCAP.KD,CHN,China,2020,10573.3794064211
NY.GDP.PCAP.KD,CHN,China,2019,10356.2924890582
NY.GDP.PCAP.KD,CHN,China,2018,9798.57890566402
NY.GDP.PCAP.KD,CHN,China,2017,9221.35045639842
NY.GDP.PCAP.KD,CHN,China,2016,8679.22528805041
NY.GDP.PCAP.KD,CHN,China,2015,8175.33285077393
NY.GDP.PCAP.KD,CHN,China,2014,7686.37369520403
NY.GDP.PCAP.KD,CHN,China,2013,7197.937319496
NY.GDP.PCAP.KD,CHN,China,2012,6723.09003744607
NY.GDP.PCAP.KD,CHN,China,2011,6275.71634288814
NY.GDP.PCAP.KD,CHN,China,2010,5764.65012366375
NY.GDP.PCAP.KD,DEU,Germany,2024,44027.7631554469
NY.GDP.PCAP.KD,DEU,Germany,2023,44368.9920074881
NY.GDP.PCAP.KD,DEU,Germany,2022,44817.1316331389
NY.GDP.PCAP.KD,DEU,Germany,2021,44011.0194631674
NY.GDP.PCAP.KD,DEU,Germany,2020,42372.8726784255
NY.GDP.PCAP.KD,DEU,Germany,2019,44235.2658954682
NY.GDP.PCAP.KD,DEU,Germany,2018,43905.8550061973
NY.GDP.PCAP.KD,DEU,Germany,2017,43543.4807050551
NY.GDP.PCAP.KD,DEU,Germany,2016,42516.9337063103
NY.GDP.PCAP.KD,DEU,Germany,2015,41929.7549110722
NY.GDP.PCAP.KD,DEU,Germany,2014,41602.4661281668
NY.GDP.PCAP.KD,DEU,Germany,2013,40884.8926759028
NY.GDP.PCAP.KD,DEU,Germany,2012,40834.5088218456
NY.GDP.PCAP.KD,DEU,Germany,2011,40722.4849268242
NY.GDP.PCAP.KD,DEU,Germany,2010,38526.7371042695
NY.GDP.PCAP.KD,IND,India,2024,2366.8328910323
NY.GDP.PCAP.KD,IND,India,2023,2229.71491223037
NY.GDP.PCAP.KD,IND,India,2022,2098.21124476122
NY.GDP.PCAP.KD,IND,India,2021,1965.30943437472
NY.GDP.PCAP.KD,IND,India,2020,1806.50110583865
NY.GDP.PCAP.KD,IND,India,2019,1936.03067741063
NY.GDP.PCAP.KD,IND,India,2018,1883.35772705055
NY.GDP.PCAP.KD,IND,India,2017,1788.69770318481
NY.GDP.PCAP.KD,IND,India,2016,1694.46534973787
NY.GDP.PCAP.KD,IND,India,2015,1583.99815907985
NY.GDP.PCAP.KD,IND,India,2014,1484.31640682961
NY.GDP.PCAP.KD,IND,India,2013,1399.4537980281
NY.GDP.PCAP.KD,IND,India,2012,1333.09626557649
NY.GDP.PCAP.KD,IND,India,2011,1281.61054354937
NY.GDP.PCAP.KD,IND,India,2010,1235.15939132939
NY.GDP.PCAP.KD,USA,United States,2024,66856.5131698371
NY.GDP.PCAP.KD,USA,United States,2023,65667.281580468
NY.GDP.PCAP.KD,USA,United States,2022,64322.2332819139
NY.GDP.PCAP.KD,USA,United States,2021,63096.7856149746
NY.GDP.PCAP.KD,USA,United States,2020,59533.609024416
NY.GDP.PCAP.KD,USA,United States,2019,61047.9648238812
NY.GDP.PCAP.KD,USA,United States,2018,59817.6556798612
NY.GDP.PCAP.KD,USA,United States,2017,58435.9707535619
NY.GDP.PCAP.KD,USA,United States,2016,57430.8499298804
NY.GDP.PCAP.KD,USA,United States,2015,56849.4697923159
NY.GDP.PCAP.KD,USA,United States,2014,55665.2411187802
NY.GDP.PCAP.KD,USA,United States,2013,54728.860179812
NY.GDP.PCAP.KD,USA,United States,2012,54000.8410778217
NY.GDP.PCAP.KD,USA,United States,2011,53215.5362314388
NY.GDP.PCAP.KD,USA,United States,2010,52812.6829869279
NY.GDP.PCAP.KD,ZAF,South Africa,2024,5715.47531469148
NY.GDP.PCAP.KD,ZAF,South Africa,2023,5756.55049453121
NY.GDP.PCAP.KD,ZAF,South Africa,2022,5786.86505344736
NY.GDP.PCAP.KD,ZAF,South Africa,2021,5750.90937479584
NY.GDP.PCAP.KD,ZAF,South Africa,2020,5569.58483319272
NY.GDP.PCAP.KD,ZAF,South Africa,2019,6032.82972598668
NY.GDP.PCAP.KD,ZAF,South Africa,2018,6117.2701406047
NY.GDP.PCAP.KD,ZAF,South Africa,2017,6125.6920507497
NY.GDP.PCAP.KD,ZAF,South Africa,2016,6095.295060428
NY.GDP.PCAP.KD,ZAF,South Africa,2015,6112.27382485974
NY.GDP.PCAP.KD,ZAF,South Africa,2014,6155.00589462516
NY.GDP.PCAP.KD,ZAF,South Africa,2013,6170.87670863373
NY.GDP.PCAP.KD,ZAF,South Africa,2012,6121.55783860713
NY.GDP.PCAP.KD,ZAF,South Africa,2011,6067.12482726885
NY.GDP.PCAP.KD,ZAF,South Africa,2010,5953.94506512821
SI.POV.GINI,BRA,Brazil,2024,50.3
SI.POV.GINI,BRA,Brazil,2023,51.5
SI.POV.GINI,BRA,Brazil,2022,51.9
SI.POV.GINI,BRA,Brazil,2021,52.9
SI.POV.GINI,BRA,Brazil,2020,48.8
SI.POV.GINI,BRA,Brazil,2019,53.5
SI.POV.GINI,BRA,Brazil,2018,53.9
SI.POV.GINI,BRA,Brazil,2017,53.3
SI.POV.GINI,BRA,Brazil,2016,53.4
SI.POV.GINI,BRA,Brazil,2015,51.9
SI.POV.GINI,BRA,Brazil,2014,52.1
SI.POV.GINI,BRA,Brazil,2013,52.7
SI.POV.GINI,BRA,Brazil,2012,53.4
SI.POV.GINI,BRA,Brazil,2011,52.9
SI.POV.GINI,BRA,Brazil,2010,
SI.POV.GINI,CHN,China,2024,
SI.POV.GINI,CHN,China,2023,
SI.POV.GINI,CHN,China,2022,36.0
SI.POV.GINI,CHN,China,2021,35.7
SI.POV.GINI,CHN,China,2020,37.1
SI.POV.GINI,CHN,China,2019,38.2
SI.POV.GINI,CHN,China,2018,38.5
SI.POV.GINI,CHN,China,2017,39.1
SI.POV.GINI,CHN,China,2016,38.5
SI.POV.GINI,CHN,China,2015,38.6
SI.POV.GINI,CHN,China,2014,39.2
SI.POV.GINI,CHN,China,2013,39.7
SI.POV.GINI,CHN,China,2012,42.2
SI.POV.GINI,CHN,China,2011,42.4
SI.POV.GINI,CHN,China,2010,43.7
SI.POV.GINI,DEU,Germany,2024,
SI.POV.GINI,DEU,Germany,2023,
SI.POV.GINI,DEU,Germany,2022,33.7
SI.POV.GINI,DEU,Germany,2021,33.6
SI.POV.GINI,DEU,Germany,2020,32.5
SI.POV.GINI,DEU,Germany,2019,32.2
SI.POV.GINI,DEU,Germany,2018,31.9
SI.POV.GINI,DEU,Germany,2017,31.3
SI.POV.GINI,DEU,Germany,2016,31.3
SI.POV.GINI,DEU,Germany,2015,31.4
SI.POV.GINI,DEU,Germany,2014,30.8
SI.POV.GINI,DEU,Germany,2013,31.4
SI.POV.GINI,DEU,Germany,2012,30.9
SI.POV.GINI,DEU,Germany,2011,30.4
SI.POV.GINI,DEU,Germany,2010,30.2
SI.POV.GINI,IND,India,2024,
SI.POV.GINI,IND,India,2023,
SI.POV.GINI,IND,India,2022,25.5
SI.POV.GINI,IND,India,2021,
SI.POV.GINI,IND,India,2020,
SI.POV.GINI,IND,India,2019,
SI.POV.GINI,IND,India,2018,
SI.POV.GINI,IND,India,2017,
SI.POV.GINI,IND,India,2016,
SI.POV.GINI,IND,India,2015,
SI.POV.GINI,IND,India,2014,
SI.POV.GINI,IND,India,2013,
SI.POV.GINI,IND,India,2012,
SI.POV.GINI,IND,India,2011,28.8
SI.POV.GINI,IND,India,2010,
SI.POV.GINI,USA,United States,2024,41.8
SI.POV.GINI,USA,United States,2023,41.8
SI.POV.GINI,USA,United States,2022,41.7
SI.POV.GINI,USA,United States,2021,39.7
SI.POV.GINI,USA,United States,2020,40.0
SI.POV.GINI,USA,United States,2019,41.9
SI.POV.GINI,USA,United States,2018,41.8
SI.POV.GINI,USA,United States,2017,41.4
SI.POV.GINI,USA,United States,2016,41.3
SI.POV.GINI,USA,United States,2015,41.5
SI.POV.GINI,USA,United States,2014,41.7
SI.POV.GINI,USA,United States,2013,40.9
SI.POV.GINI,USA,United States,2012,41.2
SI.POV.GINI,USA,United States,2011,41.2
SI.POV.GINI,USA,United States,2010,40.2
SI.POV.GINI,ZAF,South Africa,2024,
SI.POV.GINI,ZAF,South Africa,2023,
SI.POV.GINI,ZAF,South Africa,2022,54.1
SI.POV.GINI,ZAF,South Africa,2021,
SI.POV.GINI,ZAF,South Africa,2020,
SI.POV.GINI,ZAF,South Africa,2019,
SI.POV.GINI,ZAF,South Africa,2018,
SI.POV.GINI,ZAF,South Africa,2017,
SI.POV.GINI,ZAF,South Africa,2016,
SI.POV.GINI,ZAF,South Africa,2015,
SI.POV.GINI,ZAF,South Africa,2014,59.6
SI.POV.GINI,ZAF,South Africa,2013,
SI.POV.GINI,ZAF,South Africa,2012,
SI.POV.GINI,ZAF,South Africa,2011,
SI.POV.GINI,ZAF,South Africa,2010,60.9
