radius_kpc,observed_km_s,stat_minus_km_s,stat_plus_km_s,baryons_km_s,baryons_plus_halo_km_s,unaccounted_radial_force_fraction,used_for_fit
5.27,226.83,1.91,1.9,185.57445,227.00639,0.33067756,1
5.74,230.8,1.43,1.35,185.11667,228.54281,0.35669128,1
6.23,231.2,1.7,1.1,184.18598,229.61676,0.36534532,1
6.73,229.88,1.44,1.32,182.80548,230.22186,0.367623,1
7.22,229.61,1.37,1.11,181.0908,230.40542,0.37797022,1
7.82,229.91,0.92,0.88,178.59806,230.18131,0.39655494,1
8.19,228.86,0.8,0.67,176.89067,229.8444,0.40259335,1
8.78,226.5,1.07,0.95,173.97013,229.06503,0.41005301,1
9.27,226.2,0.72,0.62,171.41455,228.24545,0.42573786,1
9.76,225.94,0.42,0.52,168.78652,227.31368,0.44192924,1
10.26,225.68,0.44,0.4,166.06557,226.28128,0.45853171,1
10.75,224.73,0.38,0.41,163.389,225.21665,0.47140443,1
11.25,224.02,0.33,0.54,160.67185,224.09912,0.48559402,1
11.75,223.86,0.4,0.39,157.98839,222.96823,0.50192204,1
12.25,222.23,0.51,0.37,155.35331,221.83775,0.51130753,1
12.74,220.77,0.54,0.46,152.82834,220.74018,0.52078803,1
13.23,220.92,0.57,0.4,150.36789,219.66016,0.53672363,1
13.74,217.47,0.64,0.51,147.88137,218.56041,0.53758894,1
14.24,217.31,0.77,0.66,145.52053,217.50995,0.55157572,1
14.74,217.6,0.65,0.68,143.23699,216.48882,0.5666961,1
15.22,217.07,1.06,0.8,141.11739,215.53688,0.57736891,1
15.74,217.38,0.84,1.07,138.90087,214.53743,0.59170809,1
16.24,216.14,1.2,1.48,136.84721,213.6079,0.59913181,1
16.74,212.52,1.39,1.43,134.86861,212.70915,0.5972624,1
17.25,216.41,1.44,1.85,132.92577,211.82333,0.62272005,1
17.75,213.7,2.22,1.65,131.0918,210.98368,0.62369328,1
18.24,207.89,1.76,1.88,129.35887,210.18662,0.61280903,1
18.74,209.6,2.31,2.77,127.65254,209.39772,0.62908333,1
19.22,206.45,2.54,2.36,126.0703,208.66207,0.62709708,1
19.71,201.91,2.99,2.26,124.50905,207.93187,0.61973513,1
20.27,199.84,3.15,2.89,122.78899,207.12194,0.62246782,0
20.78,198.14,3.33,3.37,121.27984,206.40617,0.6253438,0
21.24,195.3,5.99,6.5,119.96357,205.77755,0.62269353,0
21.8,213.67,15.38,12.18,118.4157,205.03263,0.69286345,0
22.14,176.97,28.58,18.57,117.50362,204.59052,0.5591375,0
22.73,193.11,27.64,19.05,115.9674,203.84008,0.63936963,0
23.66,176.63,18.67,16.74,113.65648,202.69602,0.58594364,0
24.82,198.42,6.5,6.12,110.94524,201.32762,0.68735861,0
